schema,method,represented_valid_test,invalid_test,valid_fnr,expected_invalid_forwards,invalid_forward_rate,backend_calls,backend_call_rate,flood_valid_share,flood_backend_call_rate,frontend_probes,saturation_attempts_per_sec,control
full_stable,Global Bloom,7015,140297,0.0,64.34560674235489,0.00045863850789649736,7079.345606742355,0.048056815512262104,0.08,0.08042194742726477,11.0,814.9040140051537,LANL-real
full_stable,Hash partition,7015,140297,0.0,64.17103111912995,0.0004573941789142316,7079.17103111913,0.0480556304382476,0.08,0.0804208026446011,11.0,814.915614088181,LANL-real
full_stable,Risk partition,7015,140297,0.0,55.88301249300391,0.00039831936886037416,7070.883012493004,0.047999368771675106,0.08,0.08036645381935155,11.705353642629564,815.4667110222668,LANL-real
full_stable,TRAPS learned,7015,140297,0.0,60.59723148399105,0.00043192107802726394,7075.597231483991,0.04803137036686754,0.08,0.08039736739178509,11.308445654575651,815.1531561129938,LANL-real
full_stable,Keyed tag,7015,140297,0.0,2.1407623291015625,1.52587890625e-05,7017.140762329102,0.04763454954334407,0.08,0.0800140380859375,1.0,819.0583720096926,LANL-real
full_stable,Adaptive tag,7015,140297,0.0,2.0160548167367813,1.436990681722903e-05,7017.016054816737,0.04763370298968676,0.08,0.08001322031427185,1.0,819.0667431604413,LANL-real
