bits_per_key,method,n_cells,median_first_seen_IFFR,p95_first_seen_IFFR,worst_first_seen_IFFR,median_raw_IFFR,worst_raw_IFFR,fallback_cells,median_rebuild_keys,max_rebuild_bytes,valid_rejects,uses_future_labels
12.0,Global Bloom,160,0.003134028105931708,0.003134028105931708,0.003134028105931708,0.003134028105931708,0.003134028105931708,0,0.0,0.0,0,false
12.0,TRAPS-frozen,160,0.002989,0.006858199999999999,0.010288,0.0014945,0.005144,0,0.0,0.0,0,false
12.0,TRAPS-dynamic-next-epoch,160,0.002567,0.00289,0.002974,0.0012835,0.001487,0,200000.0,300000.0,0,false
12.0,TRAPS-drift-guard,160,0.0025989999999999997,0.003134,0.003134,0.0012994999999999999,0.001567,20,200000.0,300000.0,0,false
16.0,Global Bloom,160,0.0004586385078964973,0.0004586385078964973,0.0004586385078964973,0.0004586385078964973,0.0004586385078964973,0,0.0,0.0,0,false
16.0,TRAPS-frozen,160,0.000437,0.0010042999999999999,0.001506,0.0002185,0.000753,0,0.0,0.0,0,false
16.0,TRAPS-dynamic-next-epoch,160,0.000376,0.00042209999999999996,0.000436,0.000188,0.000218,0,200000.0,400000.0,0,false
16.0,TRAPS-drift-guard,160,0.00038,0.000458,0.000458,0.00019,0.000229,20,200000.0,400000.0,0,false
